name,type,type_id,n_dims,dims,offset,bytes
output.weight,PQ2_0,142,2,5120x248320,0,
output_norm.weight,F32,0,1,5120,337715200,20480
token_embd.weight,PQ2_0,142,2,5120x248320,337735680,
blk.0.attn_gate.weight,PQ2_0,142,2,5120x6144,675450880,
blk.0.attn_norm.weight,F32,0,1,5120,683806720,20480
blk.0.attn_qkv.weight,PQ2_0,142,2,5120x10240,683827200,
blk.0.ffn_down.weight,PQ2_0,142,2,17408x5120,697753600,
blk.0.ffn_gate.weight,PQ2_0,142,2,5120x17408,721428480,
blk.0.ffn_up.weight,PQ2_0,142,2,5120x17408,745103360,
blk.0.post_attention_norm.weight,F32,0,1,5120,768778240,20480
blk.0.ssm_a,F32,0,1,48,768798720,192
blk.0.ssm_alpha.weight,BF16,30,2,5120x48,768798912,491520
blk.0.ssm_beta.weight,BF16,30,2,5120x48,769290432,491520
blk.0.ssm_conv1d.weight,F32,0,2,4x10240,769781952,163840
blk.0.ssm_dt.bias,F32,0,1,48,769945792,192
blk.0.ssm_norm.weight,F32,0,1,128,769945984,512
blk.0.ssm_out.weight,PQ2_0,142,2,6144x5120,769946496,
blk.1.attn_gate.weight,PQ2_0,142,2,5120x6144,778302336,
blk.1.attn_norm.weight,F32,0,1,5120,786658176,20480
blk.1.attn_qkv.weight,PQ2_0,142,2,5120x10240,786678656,
blk.1.ffn_down.weight,PQ2_0,142,2,17408x5120,800605056,
blk.1.ffn_gate.weight,PQ2_0,142,2,5120x17408,824279936,
blk.1.ffn_up.weight,PQ2_0,142,2,5120x17408,847954816,
blk.1.post_attention_norm.weight,F32,0,1,5120,871629696,20480
blk.1.ssm_a,F32,0,1,48,871650176,192
blk.1.ssm_alpha.weight,BF16,30,2,5120x48,871650368,491520
blk.1.ssm_beta.weight,BF16,30,2,5120x48,872141888,491520
blk.1.ssm_conv1d.weight,F32,0,2,4x10240,872633408,163840
blk.1.ssm_dt.bias,F32,0,1,48,872797248,192
blk.1.ssm_norm.weight,F32,0,1,128,872797440,512
blk.1.ssm_out.weight,PQ2_0,142,2,6144x5120,872797952,
blk.2.attn_gate.weight,PQ2_0,142,2,5120x6144,881153792,
blk.2.attn_norm.weight,F32,0,1,5120,889509632,20480
blk.2.attn_qkv.weight,PQ2_0,142,2,5120x10240,889530112,
blk.2.ffn_down.weight,PQ2_0,142,2,17408x5120,903456512,
blk.2.ffn_gate.weight,PQ2_0,142,2,5120x17408,927131392,
blk.2.ffn_up.weight,PQ2_0,142,2,5120x17408,950806272,
blk.2.post_attention_norm.weight,F32,0,1,5120,974481152,20480
blk.2.ssm_a,F32,0,1,48,974501632,192
blk.2.ssm_alpha.weight,BF16,30,2,5120x48,974501824,491520
blk.2.ssm_beta.weight,BF16,30,2,5120x48,974993344,491520
blk.2.ssm_conv1d.weight,F32,0,2,4x10240,975484864,163840
blk.2.ssm_dt.bias,F32,0,1,48,975648704,192
blk.2.ssm_norm.weight,F32,0,1,128,975648896,512
blk.2.ssm_out.weight,PQ2_0,142,2,6144x5120,975649408,
blk.3.attn_k.weight,PQ2_0,142,2,5120x1024,984005248,
blk.3.attn_k_norm.weight,F32,0,1,256,985397888,1024
blk.3.attn_norm.weight,F32,0,1,5120,985398912,20480
blk.3.attn_output.weight,PQ2_0,142,2,6144x5120,985419392,
blk.3.attn_q.weight,PQ2_0,142,2,5120x12288,993775232,
blk.3.attn_q_norm.weight,F32,0,1,256,1010486912,1024
blk.3.attn_v.weight,PQ2_0,142,2,5120x1024,1010487936,
blk.3.ffn_down.weight,PQ2_0,142,2,17408x5120,1011880576,
blk.3.ffn_gate.weight,PQ2_0,142,2,5120x17408,1035555456,
blk.3.ffn_up.weight,PQ2_0,142,2,5120x17408,1059230336,
blk.3.post_attention_norm.weight,F32,0,1,5120,1082905216,20480
blk.4.attn_gate.weight,PQ2_0,142,2,5120x6144,1082925696,
blk.4.attn_norm.weight,F32,0,1,5120,1091281536,20480
blk.4.attn_qkv.weight,PQ2_0,142,2,5120x10240,1091302016,
blk.4.ffn_down.weight,PQ2_0,142,2,17408x5120,1105228416,
blk.4.ffn_gate.weight,PQ2_0,142,2,5120x17408,1128903296,
blk.4.ffn_up.weight,PQ2_0,142,2,5120x17408,1152578176,
blk.4.post_attention_norm.weight,F32,0,1,5120,1176253056,20480
blk.4.ssm_a,F32,0,1,48,1176273536,192
blk.4.ssm_alpha.weight,BF16,30,2,5120x48,1176273728,491520
blk.4.ssm_beta.weight,BF16,30,2,5120x48,1176765248,491520
blk.4.ssm_conv1d.weight,F32,0,2,4x10240,1177256768,163840
blk.4.ssm_dt.bias,F32,0,1,48,1177420608,192
blk.4.ssm_norm.weight,F32,0,1,128,1177420800,512
blk.4.ssm_out.weight,PQ2_0,142,2,6144x5120,1177421312,
blk.5.attn_gate.weight,PQ2_0,142,2,5120x6144,1185777152,
blk.5.attn_norm.weight,F32,0,1,5120,1194132992,20480
blk.5.attn_qkv.weight,PQ2_0,142,2,5120x10240,1194153472,
blk.5.ffn_down.weight,PQ2_0,142,2,17408x5120,1208079872,
blk.5.ffn_gate.weight,PQ2_0,142,2,5120x17408,1231754752,
blk.5.ffn_up.weight,PQ2_0,142,2,5120x17408,1255429632,
blk.5.post_attention_norm.weight,F32,0,1,5120,1279104512,20480
blk.5.ssm_a,F32,0,1,48,1279124992,192
blk.5.ssm_alpha.weight,BF16,30,2,5120x48,1279125184,491520
blk.5.ssm_beta.weight,BF16,30,2,5120x48,1279616704,491520
blk.5.ssm_conv1d.weight,F32,0,2,4x10240,1280108224,163840
blk.5.ssm_dt.bias,F32,0,1,48,1280272064,192
blk.5.ssm_norm.weight,F32,0,1,128,1280272256,512
blk.5.ssm_out.weight,PQ2_0,142,2,6144x5120,1280272768,
blk.6.attn_gate.weight,PQ2_0,142,2,5120x6144,1288628608,
blk.6.attn_norm.weight,F32,0,1,5120,1296984448,20480
blk.6.attn_qkv.weight,PQ2_0,142,2,5120x10240,1297004928,
blk.6.ffn_down.weight,PQ2_0,142,2,17408x5120,1310931328,
blk.6.ffn_gate.weight,PQ2_0,142,2,5120x17408,1334606208,
blk.6.ffn_up.weight,PQ2_0,142,2,5120x17408,1358281088,
blk.6.post_attention_norm.weight,F32,0,1,5120,1381955968,20480
blk.6.ssm_a,F32,0,1,48,1381976448,192
blk.6.ssm_alpha.weight,BF16,30,2,5120x48,1381976640,491520
blk.6.ssm_beta.weight,BF16,30,2,5120x48,1382468160,491520
blk.6.ssm_conv1d.weight,F32,0,2,4x10240,1382959680,163840
blk.6.ssm_dt.bias,F32,0,1,48,1383123520,192
blk.6.ssm_norm.weight,F32,0,1,128,1383123712,512
blk.6.ssm_out.weight,PQ2_0,142,2,6144x5120,1383124224,
blk.7.attn_k.weight,PQ2_0,142,2,5120x1024,1391480064,
blk.7.attn_k_norm.weight,F32,0,1,256,1392872704,1024
blk.7.attn_norm.weight,F32,0,1,5120,1392873728,20480
blk.7.attn_output.weight,PQ2_0,142,2,6144x5120,1392894208,
blk.7.attn_q.weight,PQ2_0,142,2,5120x12288,1401250048,
blk.7.attn_q_norm.weight,F32,0,1,256,1417961728,1024
blk.7.attn_v.weight,PQ2_0,142,2,5120x1024,1417962752,
blk.7.ffn_down.weight,PQ2_0,142,2,17408x5120,1419355392,
blk.7.ffn_gate.weight,PQ2_0,142,2,5120x17408,1443030272,
blk.7.ffn_up.weight,PQ2_0,142,2,5120x17408,1466705152,
blk.7.post_attention_norm.weight,F32,0,1,5120,1490380032,20480
blk.8.attn_gate.weight,PQ2_0,142,2,5120x6144,1490400512,
blk.8.attn_norm.weight,F32,0,1,5120,1498756352,20480
blk.8.attn_qkv.weight,PQ2_0,142,2,5120x10240,1498776832,
blk.8.ffn_down.weight,PQ2_0,142,2,17408x5120,1512703232,
blk.8.ffn_gate.weight,PQ2_0,142,2,5120x17408,1536378112,
blk.8.ffn_up.weight,PQ2_0,142,2,5120x17408,1560052992,
blk.8.post_attention_norm.weight,F32,0,1,5120,1583727872,20480
blk.8.ssm_a,F32,0,1,48,1583748352,192
blk.8.ssm_alpha.weight,BF16,30,2,5120x48,1583748544,491520
blk.8.ssm_beta.weight,BF16,30,2,5120x48,1584240064,491520
blk.8.ssm_conv1d.weight,F32,0,2,4x10240,1584731584,163840
blk.8.ssm_dt.bias,F32,0,1,48,1584895424,192
blk.8.ssm_norm.weight,F32,0,1,128,1584895616,512
blk.8.ssm_out.weight,PQ2_0,142,2,6144x5120,1584896128,
blk.9.attn_gate.weight,PQ2_0,142,2,5120x6144,1593251968,
blk.9.attn_norm.weight,F32,0,1,5120,1601607808,20480
blk.9.attn_qkv.weight,PQ2_0,142,2,5120x10240,1601628288,
blk.9.ffn_down.weight,PQ2_0,142,2,17408x5120,1615554688,
blk.9.ffn_gate.weight,PQ2_0,142,2,5120x17408,1639229568,
blk.9.ffn_up.weight,PQ2_0,142,2,5120x17408,1662904448,
blk.9.post_attention_norm.weight,F32,0,1,5120,1686579328,20480
blk.9.ssm_a,F32,0,1,48,1686599808,192
blk.9.ssm_alpha.weight,BF16,30,2,5120x48,1686600000,491520
blk.9.ssm_beta.weight,BF16,30,2,5120x48,1687091520,491520
blk.9.ssm_conv1d.weight,F32,0,2,4x10240,1687583040,163840
blk.9.ssm_dt.bias,F32,0,1,48,1687746880,192
blk.9.ssm_norm.weight,F32,0,1,128,1687747072,512
blk.9.ssm_out.weight,PQ2_0,142,2,6144x5120,1687747584,
blk.10.attn_gate.weight,PQ2_0,142,2,5120x6144,1696103424,
blk.10.attn_norm.weight,F32,0,1,5120,1704459264,20480
blk.10.attn_qkv.weight,PQ2_0,142,2,5120x10240,1704479744,
blk.10.ffn_down.weight,PQ2_0,142,2,17408x5120,1718406144,
blk.10.ffn_gate.weight,PQ2_0,142,2,5120x17408,1742081024,
blk.10.ffn_up.weight,PQ2_0,142,2,5120x17408,1765755904,
blk.10.post_attention_norm.weight,F32,0,1,5120,1789430784,20480
blk.10.ssm_a,F32,0,1,48,1789451264,192
blk.10.ssm_alpha.weight,BF16,30,2,5120x48,1789451456,491520
blk.10.ssm_beta.weight,BF16,30,2,5120x48,1789942976,491520
blk.10.ssm_conv1d.weight,F32,0,2,4x10240,1790434496,163840
blk.10.ssm_dt.bias,F32,0,1,48,1790598336,192
blk.10.ssm_norm.weight,F32,0,1,128,1790598528,512
blk.10.ssm_out.weight,PQ2_0,142,2,6144x5120,1790599040,
blk.11.attn_k.weight,PQ2_0,142,2,5120x1024,1798954880,
blk.11.attn_k_norm.weight,F32,0,1,256,1800347520,1024
blk.11.attn_norm.weight,F32,0,1,5120,1800348544,20480
blk.11.attn_output.weight,PQ2_0,142,2,6144x5120,1800369024,
blk.11.attn_q.weight,PQ2_0,142,2,5120x12288,1808724864,
blk.11.attn_q_norm.weight,F32,0,1,256,1825436544,1024
blk.11.attn_v.weight,PQ2_0,142,2,5120x1024,1825437568,
blk.11.ffn_down.weight,PQ2_0,142,2,17408x5120,1826830208,
blk.11.ffn_gate.weight,PQ2_0,142,2,5120x17408,1850505088,
blk.11.ffn_up.weight,PQ2_0,142,2,5120x17408,1874179968,
blk.11.post_attention_norm.weight,F32,0,1,5120,1897854848,20480
blk.12.attn_gate.weight,PQ2_0,142,2,5120x6144,1897875328,
blk.12.attn_norm.weight,F32,0,1,5120,1906231168,20480
blk.12.attn_qkv.weight,PQ2_0,142,2,5120x10240,1906251648,
blk.12.ffn_down.weight,PQ2_0,142,2,17408x5120,1920178048,
blk.12.ffn_gate.weight,PQ2_0,142,2,5120x17408,1943852928,
blk.12.ffn_up.weight,PQ2_0,142,2,5120x17408,1967527808,
blk.12.post_attention_norm.weight,F32,0,1,5120,1991202688,20480
blk.12.ssm_a,F32,0,1,48,1991223168,192
blk.12.ssm_alpha.weight,BF16,30,2,5120x48,1991223360,491520
blk.12.ssm_beta.weight,BF16,30,2,5120x48,1991714880,491520
blk.12.ssm_conv1d.weight,F32,0,2,4x10240,1992206400,163840
blk.12.ssm_dt.bias,F32,0,1,48,1992370240,192
blk.12.ssm_norm.weight,F32,0,1,128,1992370432,512
blk.12.ssm_out.weight,PQ2_0,142,2,6144x5120,1992370944,
blk.13.attn_gate.weight,PQ2_0,142,2,5120x6144,2000726784,
blk.13.attn_norm.weight,F32,0,1,5120,2009082624,20480
blk.13.attn_qkv.weight,PQ2_0,142,2,5120x10240,2009103104,
blk.13.ffn_down.weight,PQ2_0,142,2,17408x5120,2023029504,
blk.13.ffn_gate.weight,PQ2_0,142,2,5120x17408,2046704384,
blk.13.ffn_up.weight,PQ2_0,142,2,5120x17408,2070379264,
blk.13.post_attention_norm.weight,F32,0,1,5120,2094054144,20480
blk.13.ssm_a,F32,0,1,48,2094074624,192
blk.13.ssm_alpha.weight,BF16,30,2,5120x48,2094074816,491520
blk.13.ssm_beta.weight,BF16,30,2,5120x48,2094566336,491520
blk.13.ssm_conv1d.weight,F32,0,2,4x10240,2095057856,163840
blk.13.ssm_dt.bias,F32,0,1,48,2095221696,192
blk.13.ssm_norm.weight,F32,0,1,128,2095221888,512
blk.13.ssm_out.weight,PQ2_0,142,2,6144x5120,2095222400,
blk.14.attn_gate.weight,PQ2_0,142,2,5120x6144,2103578240,
blk.14.attn_norm.weight,F32,0,1,5120,2111934080,20480
blk.14.attn_qkv.weight,PQ2_0,142,2,5120x10240,2111954560,
blk.14.ffn_down.weight,PQ2_0,142,2,17408x5120,2125880960,
blk.14.ffn_gate.weight,PQ2_0,142,2,5120x17408,2149555840,
blk.14.ffn_up.weight,PQ2_0,142,2,5120x17408,2173230720,
blk.14.post_attention_norm.weight,F32,0,1,5120,2196905600,20480
blk.14.ssm_a,F32,0,1,48,2196926080,192
blk.14.ssm_alpha.weight,BF16,30,2,5120x48,2196926272,491520
blk.14.ssm_beta.weight,BF16,30,2,5120x48,2197417792,491520
blk.14.ssm_conv1d.weight,F32,0,2,4x10240,2197909312,163840
blk.14.ssm_dt.bias,F32,0,1,48,2198073152,192
blk.14.ssm_norm.weight,F32,0,1,128,2198073344,512
blk.14.ssm_out.weight,PQ2_0,142,2,6144x5120,2198073856,
blk.15.attn_k.weight,PQ2_0,142,2,5120x1024,2206429696,
blk.15.attn_k_norm.weight,F32,0,1,256,2207822336,1024
blk.15.attn_norm.weight,F32,0,1,5120,2207823360,20480
blk.15.attn_output.weight,PQ2_0,142,2,6144x5120,2207843840,
blk.15.attn_q.weight,PQ2_0,142,2,5120x12288,2216199680,
blk.15.attn_q_norm.weight,F32,0,1,256,2232911360,1024
blk.15.attn_v.weight,PQ2_0,142,2,5120x1024,2232912384,
blk.15.ffn_down.weight,PQ2_0,142,2,17408x5120,2234305024,
blk.15.ffn_gate.weight,PQ2_0,142,2,5120x17408,2257979904,
blk.15.ffn_up.weight,PQ2_0,142,2,5120x17408,2281654784,
blk.15.post_attention_norm.weight,F32,0,1,5120,2305329664,20480
blk.16.attn_gate.weight,PQ2_0,142,2,5120x6144,2305350144,
blk.16.attn_norm.weight,F32,0,1,5120,2313705984,20480
blk.16.attn_qkv.weight,PQ2_0,142,2,5120x10240,2313726464,
blk.16.ffn_down.weight,PQ2_0,142,2,17408x5120,2327652864,
blk.16.ffn_gate.weight,PQ2_0,142,2,5120x17408,2351327744,
blk.16.ffn_up.weight,PQ2_0,142,2,5120x17408,2375002624,
blk.16.post_attention_norm.weight,F32,0,1,5120,2398677504,20480
blk.16.ssm_a,F32,0,1,48,2398697984,192
blk.16.ssm_alpha.weight,BF16,30,2,5120x48,2398698176,491520
blk.16.ssm_beta.weight,BF16,30,2,5120x48,2399189696,491520
blk.16.ssm_conv1d.weight,F32,0,2,4x10240,2399681216,163840
blk.16.ssm_dt.bias,F32,0,1,48,2399845056,192
blk.16.ssm_norm.weight,F32,0,1,128,2399845248,512
blk.16.ssm_out.weight,PQ2_0,142,2,6144x5120,2399845760,
blk.17.attn_gate.weight,PQ2_0,142,2,5120x6144,2408201600,
blk.17.attn_norm.weight,F32,0,1,5120,2416557440,20480
blk.17.attn_qkv.weight,PQ2_0,142,2,5120x10240,2416577920,
blk.17.ffn_down.weight,PQ2_0,142,2,17408x5120,2430504320,
blk.17.ffn_gate.weight,PQ2_0,142,2,5120x17408,2454179200,
blk.17.ffn_up.weight,PQ2_0,142,2,5120x17408,2477854080,
blk.17.post_attention_norm.weight,F32,0,1,5120,2501528960,20480
blk.17.ssm_a,F32,0,1,48,2501549440,192
blk.17.ssm_alpha.weight,BF16,30,2,5120x48,2501549632,491520
blk.17.ssm_beta.weight,BF16,30,2,5120x48,2502041152,491520
blk.17.ssm_conv1d.weight,F32,0,2,4x10240,2502532672,163840
blk.17.ssm_dt.bias,F32,0,1,48,2502696512,192
blk.17.ssm_norm.weight,F32,0,1,128,2502696704,512
blk.17.ssm_out.weight,PQ2_0,142,2,6144x5120,2502697216,
blk.18.attn_gate.weight,PQ2_0,142,2,5120x6144,2511053056,
blk.18.attn_norm.weight,F32,0,1,5120,2519408896,20480
blk.18.attn_qkv.weight,PQ2_0,142,2,5120x10240,2519429376,
blk.18.ffn_down.weight,PQ2_0,142,2,17408x5120,2533355776,
blk.18.ffn_gate.weight,PQ2_0,142,2,5120x17408,2557030656,
blk.18.ffn_up.weight,PQ2_0,142,2,5120x17408,2580705536,
blk.18.post_attention_norm.weight,F32,0,1,5120,2604380416,20480
blk.18.ssm_a,F32,0,1,48,2604400896,192
blk.18.ssm_alpha.weight,BF16,30,2,5120x48,2604401088,491520
blk.18.ssm_beta.weight,BF16,30,2,5120x48,2604892608,491520
blk.18.ssm_conv1d.weight,F32,0,2,4x10240,2605384128,163840
blk.18.ssm_dt.bias,F32,0,1,48,2605547968,192
blk.18.ssm_norm.weight,F32,0,1,128,2605548160,512
blk.18.ssm_out.weight,PQ2_0,142,2,6144x5120,2605548672,
blk.19.attn_k.weight,PQ2_0,142,2,5120x1024,2613904512,
blk.19.attn_k_norm.weight,F32,0,1,256,2615297152,1024
blk.19.attn_norm.weight,F32,0,1,5120,2615298176,20480
blk.19.attn_output.weight,PQ2_0,142,2,6144x5120,2615318656,
blk.19.attn_q.weight,PQ2_0,142,2,5120x12288,2623674496,
blk.19.attn_q_norm.weight,F32,0,1,256,2640386176,1024
blk.19.attn_v.weight,PQ2_0,142,2,5120x1024,2640387200,
blk.19.ffn_down.weight,PQ2_0,142,2,17408x5120,2641779840,
blk.19.ffn_gate.weight,PQ2_0,142,2,5120x17408,2665454720,
blk.19.ffn_up.weight,PQ2_0,142,2,5120x17408,2689129600,
blk.19.post_attention_norm.weight,F32,0,1,5120,2712804480,20480
blk.20.attn_gate.weight,PQ2_0,142,2,5120x6144,2712824960,
blk.20.attn_norm.weight,F32,0,1,5120,2721180800,20480
blk.20.attn_qkv.weight,PQ2_0,142,2,5120x10240,2721201280,
blk.20.ffn_down.weight,PQ2_0,142,2,17408x5120,2735127680,
blk.20.ffn_gate.weight,PQ2_0,142,2,5120x17408,2758802560,
blk.20.ffn_up.weight,PQ2_0,142,2,5120x17408,2782477440,
blk.20.post_attention_norm.weight,F32,0,1,5120,2806152320,20480
blk.20.ssm_a,F32,0,1,48,2806172800,192
blk.20.ssm_alpha.weight,BF16,30,2,5120x48,2806172992,491520
blk.20.ssm_beta.weight,BF16,30,2,5120x48,2806664512,491520
blk.20.ssm_conv1d.weight,F32,0,2,4x10240,2807156032,163840
blk.20.ssm_dt.bias,F32,0,1,48,2807319872,192
blk.20.ssm_norm.weight,F32,0,1,128,2807320064,512
blk.20.ssm_out.weight,PQ2_0,142,2,6144x5120,2807320576,
blk.21.attn_gate.weight,PQ2_0,142,2,5120x6144,2815676416,
blk.21.attn_norm.weight,F32,0,1,5120,2824032256,20480
blk.21.attn_qkv.weight,PQ2_0,142,2,5120x10240,2824052736,
blk.21.ffn_down.weight,PQ2_0,142,2,17408x5120,2837979136,
blk.21.ffn_gate.weight,PQ2_0,142,2,5120x17408,2861654016,
blk.21.ffn_up.weight,PQ2_0,142,2,5120x17408,2885328896,
blk.21.post_attention_norm.weight,F32,0,1,5120,2909003776,20480
blk.21.ssm_a,F32,0,1,48,2909024256,192
blk.21.ssm_alpha.weight,BF16,30,2,5120x48,2909024448,491520
blk.21.ssm_beta.weight,BF16,30,2,5120x48,2909515968,491520
blk.21.ssm_conv1d.weight,F32,0,2,4x10240,2910007488,163840
blk.21.ssm_dt.bias,F32,0,1,48,2910171328,192
blk.21.ssm_norm.weight,F32,0,1,128,2910171520,512
blk.21.ssm_out.weight,PQ2_0,142,2,6144x5120,2910172032,
blk.22.attn_gate.weight,PQ2_0,142,2,5120x6144,2918527872,
blk.22.attn_norm.weight,F32,0,1,5120,2926883712,20480
blk.22.attn_qkv.weight,PQ2_0,142,2,5120x10240,2926904192,
blk.22.ffn_down.weight,PQ2_0,142,2,17408x5120,2940830592,
blk.22.ffn_gate.weight,PQ2_0,142,2,5120x17408,2964505472,
blk.22.ffn_up.weight,PQ2_0,142,2,5120x17408,2988180352,
blk.22.post_attention_norm.weight,F32,0,1,5120,3011855232,20480
blk.22.ssm_a,F32,0,1,48,3011875712,192
blk.22.ssm_alpha.weight,BF16,30,2,5120x48,3011875904,491520
blk.22.ssm_beta.weight,BF16,30,2,5120x48,3012367424,491520
blk.22.ssm_conv1d.weight,F32,0,2,4x10240,3012858944,163840
blk.22.ssm_dt.bias,F32,0,1,48,3013022784,192
blk.22.ssm_norm.weight,F32,0,1,128,3013022976,512
blk.22.ssm_out.weight,PQ2_0,142,2,6144x5120,3013023488,
blk.23.attn_k.weight,PQ2_0,142,2,5120x1024,3021379328,
blk.23.attn_k_norm.weight,F32,0,1,256,3022771968,1024
blk.23.attn_norm.weight,F32,0,1,5120,3022772992,20480
blk.23.attn_output.weight,PQ2_0,142,2,6144x5120,3022793472,
blk.23.attn_q.weight,PQ2_0,142,2,5120x12288,3031149312,
blk.23.attn_q_norm.weight,F32,0,1,256,3047860992,1024
blk.23.attn_v.weight,PQ2_0,142,2,5120x1024,3047862016,
blk.23.ffn_down.weight,PQ2_0,142,2,17408x5120,3049254656,
blk.23.ffn_gate.weight,PQ2_0,142,2,5120x17408,3072929536,
blk.23.ffn_up.weight,PQ2_0,142,2,5120x17408,3096604416,
blk.23.post_attention_norm.weight,F32,0,1,5120,3120279296,20480
blk.24.attn_gate.weight,PQ2_0,142,2,5120x6144,3120299776,
blk.24.attn_norm.weight,F32,0,1,5120,3128655616,20480
blk.24.attn_qkv.weight,PQ2_0,142,2,5120x10240,3128676096,
blk.24.ffn_down.weight,PQ2_0,142,2,17408x5120,3142602496,
blk.24.ffn_gate.weight,PQ2_0,142,2,5120x17408,3166277376,
blk.24.ffn_up.weight,PQ2_0,142,2,5120x17408,3189952256,
blk.24.post_attention_norm.weight,F32,0,1,5120,3213627136,20480
blk.24.ssm_a,F32,0,1,48,3213647616,192
blk.24.ssm_alpha.weight,BF16,30,2,5120x48,3213647808,491520
blk.24.ssm_beta.weight,BF16,30,2,5120x48,3214139328,491520
blk.24.ssm_conv1d.weight,F32,0,2,4x10240,3214630848,163840
blk.24.ssm_dt.bias,F32,0,1,48,3214794688,192
blk.24.ssm_norm.weight,F32,0,1,128,3214794880,512
blk.24.ssm_out.weight,PQ2_0,142,2,6144x5120,3214795392,
blk.25.attn_gate.weight,PQ2_0,142,2,5120x6144,3223151232,
blk.25.attn_norm.weight,F32,0,1,5120,3231507072,20480
blk.25.attn_qkv.weight,PQ2_0,142,2,5120x10240,3231527552,
blk.25.ffn_down.weight,PQ2_0,142,2,17408x5120,3245453952,
blk.25.ffn_gate.weight,PQ2_0,142,2,5120x17408,3269128832,
blk.25.ffn_up.weight,PQ2_0,142,2,5120x17408,3292803712,
blk.25.post_attention_norm.weight,F32,0,1,5120,3316478592,20480
blk.25.ssm_a,F32,0,1,48,3316499072,192
blk.25.ssm_alpha.weight,BF16,30,2,5120x48,3316499264,491520
blk.25.ssm_beta.weight,BF16,30,2,5120x48,3316990784,491520
blk.25.ssm_conv1d.weight,F32,0,2,4x10240,3317482304,163840
blk.25.ssm_dt.bias,F32,0,1,48,3317646144,192
blk.25.ssm_norm.weight,F32,0,1,128,3317646336,512
blk.25.ssm_out.weight,PQ2_0,142,2,6144x5120,3317646848,
blk.26.attn_gate.weight,PQ2_0,142,2,5120x6144,3326002688,
blk.26.attn_norm.weight,F32,0,1,5120,3334358528,20480
blk.26.attn_qkv.weight,PQ2_0,142,2,5120x10240,3334379008,
blk.26.ffn_down.weight,PQ2_0,142,2,17408x5120,3348305408,
blk.26.ffn_gate.weight,PQ2_0,142,2,5120x17408,3371980288,
blk.26.ffn_up.weight,PQ2_0,142,2,5120x17408,3395655168,
blk.26.post_attention_norm.weight,F32,0,1,5120,3419330048,20480
blk.26.ssm_a,F32,0,1,48,3419350528,192
blk.26.ssm_alpha.weight,BF16,30,2,5120x48,3419350720,491520
blk.26.ssm_beta.weight,BF16,30,2,5120x48,3419842240,491520
blk.26.ssm_conv1d.weight,F32,0,2,4x10240,3420333760,163840
blk.26.ssm_dt.bias,F32,0,1,48,3420497600,192
blk.26.ssm_norm.weight,F32,0,1,128,3420497792,512
blk.26.ssm_out.weight,PQ2_0,142,2,6144x5120,3420498304,
blk.27.attn_k.weight,PQ2_0,142,2,5120x1024,3428854144,
blk.27.attn_k_norm.weight,F32,0,1,256,3430246784,1024
blk.27.attn_norm.weight,F32,0,1,5120,3430247808,20480
blk.27.attn_output.weight,PQ2_0,142,2,6144x5120,3430268288,
blk.27.attn_q.weight,PQ2_0,142,2,5120x12288,3438624128,
blk.27.attn_q_norm.weight,F32,0,1,256,3455335808,1024
blk.27.attn_v.weight,PQ2_0,142,2,5120x1024,3455336832,
blk.27.ffn_down.weight,PQ2_0,142,2,17408x5120,3456729472,
blk.27.ffn_gate.weight,PQ2_0,142,2,5120x17408,3480404352,
blk.27.ffn_up.weight,PQ2_0,142,2,5120x17408,3504079232,
blk.27.post_attention_norm.weight,F32,0,1,5120,3527754112,20480
blk.28.attn_gate.weight,PQ2_0,142,2,5120x6144,3527774592,
blk.28.attn_norm.weight,F32,0,1,5120,3536130432,20480
blk.28.attn_qkv.weight,PQ2_0,142,2,5120x10240,3536150912,
blk.28.ffn_down.weight,PQ2_0,142,2,17408x5120,3550077312,
blk.28.ffn_gate.weight,PQ2_0,142,2,5120x17408,3573752192,
blk.28.ffn_up.weight,PQ2_0,142,2,5120x17408,3597427072,
blk.28.post_attention_norm.weight,F32,0,1,5120,3621101952,20480
blk.28.ssm_a,F32,0,1,48,3621122432,192
blk.28.ssm_alpha.weight,BF16,30,2,5120x48,3621122624,491520
blk.28.ssm_beta.weight,BF16,30,2,5120x48,3621614144,491520
blk.28.ssm_conv1d.weight,F32,0,2,4x10240,3622105664,163840
blk.28.ssm_dt.bias,F32,0,1,48,3622269504,192
blk.28.ssm_norm.weight,F32,0,1,128,3622269696,512
blk.28.ssm_out.weight,PQ2_0,142,2,6144x5120,3622270208,
blk.29.attn_gate.weight,PQ2_0,142,2,5120x6144,3630626048,
blk.29.attn_norm.weight,F32,0,1,5120,3638981888,20480
blk.29.attn_qkv.weight,PQ2_0,142,2,5120x10240,3639002368,
blk.29.ffn_down.weight,PQ2_0,142,2,17408x5120,3652928768,
blk.29.ffn_gate.weight,PQ2_0,142,2,5120x17408,3676603648,
blk.29.ffn_up.weight,PQ2_0,142,2,5120x17408,3700278528,
blk.29.post_attention_norm.weight,F32,0,1,5120,3723953408,20480
blk.29.ssm_a,F32,0,1,48,3723973888,192
blk.29.ssm_alpha.weight,BF16,30,2,5120x48,3723974080,491520
blk.29.ssm_beta.weight,BF16,30,2,5120x48,3724465600,491520
blk.29.ssm_conv1d.weight,F32,0,2,4x10240,3724957120,163840
blk.29.ssm_dt.bias,F32,0,1,48,3725120960,192
blk.29.ssm_norm.weight,F32,0,1,128,3725121152,512
blk.29.ssm_out.weight,PQ2_0,142,2,6144x5120,3725121664,
blk.30.attn_gate.weight,PQ2_0,142,2,5120x6144,3733477504,
blk.30.attn_norm.weight,F32,0,1,5120,3741833344,20480
blk.30.attn_qkv.weight,PQ2_0,142,2,5120x10240,3741853824,
blk.30.ffn_down.weight,PQ2_0,142,2,17408x5120,3755780224,
blk.30.ffn_gate.weight,PQ2_0,142,2,5120x17408,3779455104,
blk.30.ffn_up.weight,PQ2_0,142,2,5120x17408,3803129984,
blk.30.post_attention_norm.weight,F32,0,1,5120,3826804864,20480
blk.30.ssm_a,F32,0,1,48,3826825344,192
blk.30.ssm_alpha.weight,BF16,30,2,5120x48,3826825536,491520
blk.30.ssm_beta.weight,BF16,30,2,5120x48,3827317056,491520
blk.30.ssm_conv1d.weight,F32,0,2,4x10240,3827808576,163840
blk.30.ssm_dt.bias,F32,0,1,48,3827972416,192
blk.30.ssm_norm.weight,F32,0,1,128,3827972608,512
blk.30.ssm_out.weight,PQ2_0,142,2,6144x5120,3827973120,
blk.31.attn_k.weight,PQ2_0,142,2,5120x1024,3836328960,
blk.31.attn_k_norm.weight,F32,0,1,256,3837721600,1024
blk.31.attn_norm.weight,F32,0,1,5120,3837722624,20480
blk.31.attn_output.weight,PQ2_0,142,2,6144x5120,3837743104,
blk.31.attn_q.weight,PQ2_0,142,2,5120x12288,3846098944,
blk.31.attn_q_norm.weight,F32,0,1,256,3862810624,1024
blk.31.attn_v.weight,PQ2_0,142,2,5120x1024,3862811648,
blk.31.ffn_down.weight,PQ2_0,142,2,17408x5120,3864204288,
blk.31.ffn_gate.weight,PQ2_0,142,2,5120x17408,3887879168,
blk.31.ffn_up.weight,PQ2_0,142,2,5120x17408,3911554048,
blk.31.post_attention_norm.weight,F32,0,1,5120,3935228928,20480
blk.32.attn_gate.weight,PQ2_0,142,2,5120x6144,3935249408,
blk.32.attn_norm.weight,F32,0,1,5120,3943605248,20480
blk.32.attn_qkv.weight,PQ2_0,142,2,5120x10240,3943625728,
blk.32.ffn_down.weight,PQ2_0,142,2,17408x5120,3957552128,
blk.32.ffn_gate.weight,PQ2_0,142,2,5120x17408,3981227008,
blk.32.ffn_up.weight,PQ2_0,142,2,5120x17408,4004901888,
blk.32.post_attention_norm.weight,F32,0,1,5120,4028576768,20480
blk.32.ssm_a,F32,0,1,48,4028597248,192
blk.32.ssm_alpha.weight,BF16,30,2,5120x48,4028597440,491520
blk.32.ssm_beta.weight,BF16,30,2,5120x48,4029088960,491520
blk.32.ssm_conv1d.weight,F32,0,2,4x10240,4029580480,163840
blk.32.ssm_dt.bias,F32,0,1,48,4029744320,192
blk.32.ssm_norm.weight,F32,0,1,128,4029744512,512
blk.32.ssm_out.weight,PQ2_0,142,2,6144x5120,4029745024,
blk.33.attn_gate.weight,PQ2_0,142,2,5120x6144,4038100864,
blk.33.attn_norm.weight,F32,0,1,5120,4046456704,20480
blk.33.attn_qkv.weight,PQ2_0,142,2,5120x10240,4046477184,
blk.33.ffn_down.weight,PQ2_0,142,2,17408x5120,4060403584,
blk.33.ffn_gate.weight,PQ2_0,142,2,5120x17408,4084078464,
blk.33.ffn_up.weight,PQ2_0,142,2,5120x17408,4107753344,
blk.33.post_attention_norm.weight,F32,0,1,5120,4131428224,20480
blk.33.ssm_a,F32,0,1,48,4131448704,192
blk.33.ssm_alpha.weight,BF16,30,2,5120x48,4131448896,491520
blk.33.ssm_beta.weight,BF16,30,2,5120x48,4131940416,491520
blk.33.ssm_conv1d.weight,F32,0,2,4x10240,4132431936,163840
blk.33.ssm_dt.bias,F32,0,1,48,4132595776,192
blk.33.ssm_norm.weight,F32,0,1,128,4132595968,512
blk.33.ssm_out.weight,PQ2_0,142,2,6144x5120,4132596480,
blk.34.attn_gate.weight,PQ2_0,142,2,5120x6144,4140952320,
blk.34.attn_norm.weight,F32,0,1,5120,4149308160,20480
blk.34.attn_qkv.weight,PQ2_0,142,2,5120x10240,4149328640,
blk.34.ffn_down.weight,PQ2_0,142,2,17408x5120,4163255040,
blk.34.ffn_gate.weight,PQ2_0,142,2,5120x17408,4186929920,
blk.34.ffn_up.weight,PQ2_0,142,2,5120x17408,4210604800,
blk.34.post_attention_norm.weight,F32,0,1,5120,4234279680,20480
blk.34.ssm_a,F32,0,1,48,4234300160,192
blk.34.ssm_alpha.weight,BF16,30,2,5120x48,4234300352,491520
blk.34.ssm_beta.weight,BF16,30,2,5120x48,4234791872,491520
blk.34.ssm_conv1d.weight,F32,0,2,4x10240,4235283392,163840
blk.34.ssm_dt.bias,F32,0,1,48,4235447232,192
blk.34.ssm_norm.weight,F32,0,1,128,4235447424,512
blk.34.ssm_out.weight,PQ2_0,142,2,6144x5120,4235447936,
blk.35.attn_k.weight,PQ2_0,142,2,5120x1024,4243803776,
blk.35.attn_k_norm.weight,F32,0,1,256,4245196416,1024
blk.35.attn_norm.weight,F32,0,1,5120,4245197440,20480
blk.35.attn_output.weight,PQ2_0,142,2,6144x5120,4245217920,
blk.35.attn_q.weight,PQ2_0,142,2,5120x12288,4253573760,
blk.35.attn_q_norm.weight,F32,0,1,256,4270285440,1024
blk.35.attn_v.weight,PQ2_0,142,2,5120x1024,4270286464,
blk.35.ffn_down.weight,PQ2_0,142,2,17408x5120,4271679104,
blk.35.ffn_gate.weight,PQ2_0,142,2,5120x17408,4295353984,
blk.35.ffn_up.weight,PQ2_0,142,2,5120x17408,4319028864,
blk.35.post_attention_norm.weight,F32,0,1,5120,4342703744,20480
blk.36.attn_gate.weight,PQ2_0,142,2,5120x6144,4342724224,
blk.36.attn_norm.weight,F32,0,1,5120,4351080064,20480
blk.36.attn_qkv.weight,PQ2_0,142,2,5120x10240,4351100544,
blk.36.ffn_down.weight,PQ2_0,142,2,17408x5120,4365026944,
blk.36.ffn_gate.weight,PQ2_0,142,2,5120x17408,4388701824,
blk.36.ffn_up.weight,PQ2_0,142,2,5120x17408,4412376704,
blk.36.post_attention_norm.weight,F32,0,1,5120,4436051584,20480
blk.36.ssm_a,F32,0,1,48,4436072064,192
blk.36.ssm_alpha.weight,BF16,30,2,5120x48,4436072256,491520
blk.36.ssm_beta.weight,BF16,30,2,5120x48,4436563776,491520
blk.36.ssm_conv1d.weight,F32,0,2,4x10240,4437055296,163840
blk.36.ssm_dt.bias,F32,0,1,48,4437219136,192
blk.36.ssm_norm.weight,F32,0,1,128,4437219328,512
blk.36.ssm_out.weight,PQ2_0,142,2,6144x5120,4437219840,
blk.37.attn_gate.weight,PQ2_0,142,2,5120x6144,4445575680,
blk.37.attn_norm.weight,F32,0,1,5120,4453931520,20480
blk.37.attn_qkv.weight,PQ2_0,142,2,5120x10240,4453952000,
blk.37.ffn_down.weight,PQ2_0,142,2,17408x5120,4467878400,
blk.37.ffn_gate.weight,PQ2_0,142,2,5120x17408,4491553280,
blk.37.ffn_up.weight,PQ2_0,142,2,5120x17408,4515228160,
blk.37.post_attention_norm.weight,F32,0,1,5120,4538903040,20480
blk.37.ssm_a,F32,0,1,48,4538923520,192
blk.37.ssm_alpha.weight,BF16,30,2,5120x48,4538923712,491520
blk.37.ssm_beta.weight,BF16,30,2,5120x48,4539415232,491520
blk.37.ssm_conv1d.weight,F32,0,2,4x10240,4539906752,163840
blk.37.ssm_dt.bias,F32,0,1,48,4540070592,192
blk.37.ssm_norm.weight,F32,0,1,128,4540070784,512
blk.37.ssm_out.weight,PQ2_0,142,2,6144x5120,4540071296,
blk.38.attn_gate.weight,PQ2_0,142,2,5120x6144,4548427136,
blk.38.attn_norm.weight,F32,0,1,5120,4556782976,20480
blk.38.attn_qkv.weight,PQ2_0,142,2,5120x10240,4556803456,
blk.38.ffn_down.weight,PQ2_0,142,2,17408x5120,4570729856,
blk.38.ffn_gate.weight,PQ2_0,142,2,5120x17408,4594404736,
blk.38.ffn_up.weight,PQ2_0,142,2,5120x17408,4618079616,
blk.38.post_attention_norm.weight,F32,0,1,5120,4641754496,20480
blk.38.ssm_a,F32,0,1,48,4641774976,192
blk.38.ssm_alpha.weight,BF16,30,2,5120x48,4641775168,491520
blk.38.ssm_beta.weight,BF16,30,2,5120x48,4642266688,491520
blk.38.ssm_conv1d.weight,F32,0,2,4x10240,4642758208,163840
blk.38.ssm_dt.bias,F32,0,1,48,4642922048,192
blk.38.ssm_norm.weight,F32,0,1,128,4642922240,512
blk.38.ssm_out.weight,PQ2_0,142,2,6144x5120,4642922752,
blk.39.attn_k.weight,PQ2_0,142,2,5120x1024,4651278592,
blk.39.attn_k_norm.weight,F32,0,1,256,4652671232,1024
blk.39.attn_norm.weight,F32,0,1,5120,4652672256,20480
blk.39.attn_output.weight,PQ2_0,142,2,6144x5120,4652692736,
blk.39.attn_q.weight,PQ2_0,142,2,5120x12288,4661048576,
blk.39.attn_q_norm.weight,F32,0,1,256,4677760256,1024
blk.39.attn_v.weight,PQ2_0,142,2,5120x1024,4677761280,
blk.39.ffn_down.weight,PQ2_0,142,2,17408x5120,4679153920,
blk.39.ffn_gate.weight,PQ2_0,142,2,5120x17408,4702828800,
blk.39.ffn_up.weight,PQ2_0,142,2,5120x17408,4726503680,
blk.39.post_attention_norm.weight,F32,0,1,5120,4750178560,20480
blk.40.attn_gate.weight,PQ2_0,142,2,5120x6144,4750199040,
blk.40.attn_norm.weight,F32,0,1,5120,4758554880,20480
blk.40.attn_qkv.weight,PQ2_0,142,2,5120x10240,4758575360,
blk.40.ffn_down.weight,PQ2_0,142,2,17408x5120,4772501760,
blk.40.ffn_gate.weight,PQ2_0,142,2,5120x17408,4796176640,
blk.40.ffn_up.weight,PQ2_0,142,2,5120x17408,4819851520,
blk.40.post_attention_norm.weight,F32,0,1,5120,4843526400,20480
blk.40.ssm_a,F32,0,1,48,4843546880,192
blk.40.ssm_alpha.weight,BF16,30,2,5120x48,4843547072,491520
blk.40.ssm_beta.weight,BF16,30,2,5120x48,4844038592,491520
blk.40.ssm_conv1d.weight,F32,0,2,4x10240,4844530112,163840
blk.40.ssm_dt.bias,F32,0,1,48,4844693952,192
blk.40.ssm_norm.weight,F32,0,1,128,4844694144,512
blk.40.ssm_out.weight,PQ2_0,142,2,6144x5120,4844694656,
blk.41.attn_gate.weight,PQ2_0,142,2,5120x6144,4853050496,
blk.41.attn_norm.weight,F32,0,1,5120,4861406336,20480
blk.41.attn_qkv.weight,PQ2_0,142,2,5120x10240,4861426816,
blk.41.ffn_down.weight,PQ2_0,142,2,17408x5120,4875353216,
blk.41.ffn_gate.weight,PQ2_0,142,2,5120x17408,4899028096,
blk.41.ffn_up.weight,PQ2_0,142,2,5120x17408,4922702976,
blk.41.post_attention_norm.weight,F32,0,1,5120,4946377856,20480
blk.41.ssm_a,F32,0,1,48,4946398336,192
blk.41.ssm_alpha.weight,BF16,30,2,5120x48,4946398528,491520
blk.41.ssm_beta.weight,BF16,30,2,5120x48,4946890048,491520
blk.41.ssm_conv1d.weight,F32,0,2,4x10240,4947381568,163840
blk.41.ssm_dt.bias,F32,0,1,48,4947545408,192
blk.41.ssm_norm.weight,F32,0,1,128,4947545600,512
blk.41.ssm_out.weight,PQ2_0,142,2,6144x5120,4947546112,
blk.42.attn_gate.weight,PQ2_0,142,2,5120x6144,4955901952,
blk.42.attn_norm.weight,F32,0,1,5120,4964257792,20480
blk.42.attn_qkv.weight,PQ2_0,142,2,5120x10240,4964278272,
blk.42.ffn_down.weight,PQ2_0,142,2,17408x5120,4978204672,
blk.42.ffn_gate.weight,PQ2_0,142,2,5120x17408,5001879552,
blk.42.ffn_up.weight,PQ2_0,142,2,5120x17408,5025554432,
blk.42.post_attention_norm.weight,F32,0,1,5120,5049229312,20480
blk.42.ssm_a,F32,0,1,48,5049249792,192
blk.42.ssm_alpha.weight,BF16,30,2,5120x48,5049249984,491520
blk.42.ssm_beta.weight,BF16,30,2,5120x48,5049741504,491520
blk.42.ssm_conv1d.weight,F32,0,2,4x10240,5050233024,163840
blk.42.ssm_dt.bias,F32,0,1,48,5050396864,192
blk.42.ssm_norm.weight,F32,0,1,128,5050397056,512
blk.42.ssm_out.weight,PQ2_0,142,2,6144x5120,5050397568,
blk.43.attn_k.weight,PQ2_0,142,2,5120x1024,5058753408,
blk.43.attn_k_norm.weight,F32,0,1,256,5060146048,1024
blk.43.attn_norm.weight,F32,0,1,5120,5060147072,20480
blk.43.attn_output.weight,PQ2_0,142,2,6144x5120,5060167552,
blk.43.attn_q.weight,PQ2_0,142,2,5120x12288,5068523392,
blk.43.attn_q_norm.weight,F32,0,1,256,5085235072,1024
blk.43.attn_v.weight,PQ2_0,142,2,5120x1024,5085236096,
blk.43.ffn_down.weight,PQ2_0,142,2,17408x5120,5086628736,
blk.43.ffn_gate.weight,PQ2_0,142,2,5120x17408,5110303616,
blk.43.ffn_up.weight,PQ2_0,142,2,5120x17408,5133978496,
blk.43.post_attention_norm.weight,F32,0,1,5120,5157653376,20480
blk.44.attn_gate.weight,PQ2_0,142,2,5120x6144,5157673856,
blk.44.attn_norm.weight,F32,0,1,5120,5166029696,20480
blk.44.attn_qkv.weight,PQ2_0,142,2,5120x10240,5166050176,
blk.44.ffn_down.weight,PQ2_0,142,2,17408x5120,5179976576,
blk.44.ffn_gate.weight,PQ2_0,142,2,5120x17408,5203651456,
blk.44.ffn_up.weight,PQ2_0,142,2,5120x17408,5227326336,
blk.44.post_attention_norm.weight,F32,0,1,5120,5251001216,20480
blk.44.ssm_a,F32,0,1,48,5251021696,192
blk.44.ssm_alpha.weight,BF16,30,2,5120x48,5251021888,491520
blk.44.ssm_beta.weight,BF16,30,2,5120x48,5251513408,491520
blk.44.ssm_conv1d.weight,F32,0,2,4x10240,5252004928,163840
blk.44.ssm_dt.bias,F32,0,1,48,5252168768,192
blk.44.ssm_norm.weight,F32,0,1,128,5252168960,512
blk.44.ssm_out.weight,PQ2_0,142,2,6144x5120,5252169472,
blk.45.attn_gate.weight,PQ2_0,142,2,5120x6144,5260525312,
blk.45.attn_norm.weight,F32,0,1,5120,5268881152,20480
blk.45.attn_qkv.weight,PQ2_0,142,2,5120x10240,5268901632,
blk.45.ffn_down.weight,PQ2_0,142,2,17408x5120,5282828032,
blk.45.ffn_gate.weight,PQ2_0,142,2,5120x17408,5306502912,
blk.45.ffn_up.weight,PQ2_0,142,2,5120x17408,5330177792,
blk.45.post_attention_norm.weight,F32,0,1,5120,5353852672,20480
blk.45.ssm_a,F32,0,1,48,5353873152,192
blk.45.ssm_alpha.weight,BF16,30,2,5120x48,5353873344,491520
blk.45.ssm_beta.weight,BF16,30,2,5120x48,5354364864,491520
blk.45.ssm_conv1d.weight,F32,0,2,4x10240,5354856384,163840
blk.45.ssm_dt.bias,F32,0,1,48,5355020224,192
blk.45.ssm_norm.weight,F32,0,1,128,5355020416,512
blk.45.ssm_out.weight,PQ2_0,142,2,6144x5120,5355020928,
blk.46.attn_gate.weight,PQ2_0,142,2,5120x6144,5363376768,
blk.46.attn_norm.weight,F32,0,1,5120,5371732608,20480
blk.46.attn_qkv.weight,PQ2_0,142,2,5120x10240,5371753088,
blk.46.ffn_down.weight,PQ2_0,142,2,17408x5120,5385679488,
blk.46.ffn_gate.weight,PQ2_0,142,2,5120x17408,5409354368,
blk.46.ffn_up.weight,PQ2_0,142,2,5120x17408,5433029248,
blk.46.post_attention_norm.weight,F32,0,1,5120,5456704128,20480
blk.46.ssm_a,F32,0,1,48,5456724608,192
blk.46.ssm_alpha.weight,BF16,30,2,5120x48,5456724800,491520
blk.46.ssm_beta.weight,BF16,30,2,5120x48,5457216320,491520
blk.46.ssm_conv1d.weight,F32,0,2,4x10240,5457707840,163840
blk.46.ssm_dt.bias,F32,0,1,48,5457871680,192
blk.46.ssm_norm.weight,F32,0,1,128,5457871872,512
blk.46.ssm_out.weight,PQ2_0,142,2,6144x5120,5457872384,
blk.47.attn_k.weight,PQ2_0,142,2,5120x1024,5466228224,
blk.47.attn_k_norm.weight,F32,0,1,256,5467620864,1024
blk.47.attn_norm.weight,F32,0,1,5120,5467621888,20480
blk.47.attn_output.weight,PQ2_0,142,2,6144x5120,5467642368,
blk.47.attn_q.weight,PQ2_0,142,2,5120x12288,5475998208,
blk.47.attn_q_norm.weight,F32,0,1,256,5492709888,1024
blk.47.attn_v.weight,PQ2_0,142,2,5120x1024,5492710912,
blk.47.ffn_down.weight,PQ2_0,142,2,17408x5120,5494103552,
blk.47.ffn_gate.weight,PQ2_0,142,2,5120x17408,5517778432,
blk.47.ffn_up.weight,PQ2_0,142,2,5120x17408,5541453312,
blk.47.post_attention_norm.weight,F32,0,1,5120,5565128192,20480
blk.48.attn_gate.weight,PQ2_0,142,2,5120x6144,5565148672,
blk.48.attn_norm.weight,F32,0,1,5120,5573504512,20480
blk.48.attn_qkv.weight,PQ2_0,142,2,5120x10240,5573524992,
blk.48.ffn_down.weight,PQ2_0,142,2,17408x5120,5587451392,
blk.48.ffn_gate.weight,PQ2_0,142,2,5120x17408,5611126272,
blk.48.ffn_up.weight,PQ2_0,142,2,5120x17408,5634801152,
blk.48.post_attention_norm.weight,F32,0,1,5120,5658476032,20480
blk.48.ssm_a,F32,0,1,48,5658496512,192
blk.48.ssm_alpha.weight,BF16,30,2,5120x48,5658496704,491520
blk.48.ssm_beta.weight,BF16,30,2,5120x48,5658988224,491520
blk.48.ssm_conv1d.weight,F32,0,2,4x10240,5659479744,163840
blk.48.ssm_dt.bias,F32,0,1,48,5659643584,192
blk.48.ssm_norm.weight,F32,0,1,128,5659643776,512
blk.48.ssm_out.weight,PQ2_0,142,2,6144x5120,5659644288,
blk.49.attn_gate.weight,PQ2_0,142,2,5120x6144,5668000128,
blk.49.attn_norm.weight,F32,0,1,5120,5676355968,20480
blk.49.attn_qkv.weight,PQ2_0,142,2,5120x10240,5676376448,
blk.49.ffn_down.weight,PQ2_0,142,2,17408x5120,5690302848,
blk.49.ffn_gate.weight,PQ2_0,142,2,5120x17408,5713977728,
blk.49.ffn_up.weight,PQ2_0,142,2,5120x17408,5737652608,
blk.49.post_attention_norm.weight,F32,0,1,5120,5761327488,20480
blk.49.ssm_a,F32,0,1,48,5761347968,192
blk.49.ssm_alpha.weight,BF16,30,2,5120x48,5761348160,491520
blk.49.ssm_beta.weight,BF16,30,2,5120x48,5761839680,491520
blk.49.ssm_conv1d.weight,F32,0,2,4x10240,5762331200,163840
blk.49.ssm_dt.bias,F32,0,1,48,5762495040,192
blk.49.ssm_norm.weight,F32,0,1,128,5762495232,512
blk.49.ssm_out.weight,PQ2_0,142,2,6144x5120,5762495744,
blk.50.attn_gate.weight,PQ2_0,142,2,5120x6144,5770851584,
blk.50.attn_norm.weight,F32,0,1,5120,5779207424,20480
blk.50.attn_qkv.weight,PQ2_0,142,2,5120x10240,5779227904,
blk.50.ffn_down.weight,PQ2_0,142,2,17408x5120,5793154304,
blk.50.ffn_gate.weight,PQ2_0,142,2,5120x17408,5816829184,
blk.50.ffn_up.weight,PQ2_0,142,2,5120x17408,5840504064,
blk.50.post_attention_norm.weight,F32,0,1,5120,5864178944,20480
blk.50.ssm_a,F32,0,1,48,5864199424,192
blk.50.ssm_alpha.weight,BF16,30,2,5120x48,5864199616,491520
blk.50.ssm_beta.weight,BF16,30,2,5120x48,5864691136,491520
blk.50.ssm_conv1d.weight,F32,0,2,4x10240,5865182656,163840
blk.50.ssm_dt.bias,F32,0,1,48,5865346496,192
blk.50.ssm_norm.weight,F32,0,1,128,5865346688,512
blk.50.ssm_out.weight,PQ2_0,142,2,6144x5120,5865347200,
blk.51.attn_k.weight,PQ2_0,142,2,5120x1024,5873703040,
blk.51.attn_k_norm.weight,F32,0,1,256,5875095680,1024
blk.51.attn_norm.weight,F32,0,1,5120,5875096704,20480
blk.51.attn_output.weight,PQ2_0,142,2,6144x5120,5875117184,
blk.51.attn_q.weight,PQ2_0,142,2,5120x12288,5883473024,
blk.51.attn_q_norm.weight,F32,0,1,256,5900184704,1024
blk.51.attn_v.weight,PQ2_0,142,2,5120x1024,5900185728,
blk.51.ffn_down.weight,PQ2_0,142,2,17408x5120,5901578368,
blk.51.ffn_gate.weight,PQ2_0,142,2,5120x17408,5925253248,
blk.51.ffn_up.weight,PQ2_0,142,2,5120x17408,5948928128,
blk.51.post_attention_norm.weight,F32,0,1,5120,5972603008,20480
blk.52.attn_gate.weight,PQ2_0,142,2,5120x6144,5972623488,
blk.52.attn_norm.weight,F32,0,1,5120,5980979328,20480
blk.52.attn_qkv.weight,PQ2_0,142,2,5120x10240,5980999808,
blk.52.ffn_down.weight,PQ2_0,142,2,17408x5120,5994926208,
blk.52.ffn_gate.weight,PQ2_0,142,2,5120x17408,6018601088,
blk.52.ffn_up.weight,PQ2_0,142,2,5120x17408,6042275968,
blk.52.post_attention_norm.weight,F32,0,1,5120,6065950848,20480
blk.52.ssm_a,F32,0,1,48,6065971328,192
blk.52.ssm_alpha.weight,BF16,30,2,5120x48,6065971520,491520
blk.52.ssm_beta.weight,BF16,30,2,5120x48,6066463040,491520
blk.52.ssm_conv1d.weight,F32,0,2,4x10240,6066954560,163840
blk.52.ssm_dt.bias,F32,0,1,48,6067118400,192
blk.52.ssm_norm.weight,F32,0,1,128,6067118592,512
blk.52.ssm_out.weight,PQ2_0,142,2,6144x5120,6067119104,
blk.53.attn_gate.weight,PQ2_0,142,2,5120x6144,6075474944,
blk.53.attn_norm.weight,F32,0,1,5120,6083830784,20480
blk.53.attn_qkv.weight,PQ2_0,142,2,5120x10240,6083851264,
blk.53.ffn_down.weight,PQ2_0,142,2,17408x5120,6097777664,
blk.53.ffn_gate.weight,PQ2_0,142,2,5120x17408,6121452544,
blk.53.ffn_up.weight,PQ2_0,142,2,5120x17408,6145127424,
blk.53.post_attention_norm.weight,F32,0,1,5120,6168802304,20480
blk.53.ssm_a,F32,0,1,48,6168822784,192
blk.53.ssm_alpha.weight,BF16,30,2,5120x48,6168822976,491520
blk.53.ssm_beta.weight,BF16,30,2,5120x48,6169314496,491520
blk.53.ssm_conv1d.weight,F32,0,2,4x10240,6169806016,163840
blk.53.ssm_dt.bias,F32,0,1,48,6169969856,192
blk.53.ssm_norm.weight,F32,0,1,128,6169970048,512
blk.53.ssm_out.weight,PQ2_0,142,2,6144x5120,6169970560,
blk.54.attn_gate.weight,PQ2_0,142,2,5120x6144,6178326400,
blk.54.attn_norm.weight,F32,0,1,5120,6186682240,20480
blk.54.attn_qkv.weight,PQ2_0,142,2,5120x10240,6186702720,
blk.54.ffn_down.weight,PQ2_0,142,2,17408x5120,6200629120,
blk.54.ffn_gate.weight,PQ2_0,142,2,5120x17408,6224304000,
blk.54.ffn_up.weight,PQ2_0,142,2,5120x17408,6247978880,
blk.54.post_attention_norm.weight,F32,0,1,5120,6271653760,20480
blk.54.ssm_a,F32,0,1,48,6271674240,192
blk.54.ssm_alpha.weight,BF16,30,2,5120x48,6271674432,491520
blk.54.ssm_beta.weight,BF16,30,2,5120x48,6272165952,491520
blk.54.ssm_conv1d.weight,F32,0,2,4x10240,6272657472,163840
blk.54.ssm_dt.bias,F32,0,1,48,6272821312,192
blk.54.ssm_norm.weight,F32,0,1,128,6272821504,512
blk.54.ssm_out.weight,PQ2_0,142,2,6144x5120,6272822016,
blk.55.attn_k.weight,PQ2_0,142,2,5120x1024,6281177856,
blk.55.attn_k_norm.weight,F32,0,1,256,6282570496,1024
blk.55.attn_norm.weight,F32,0,1,5120,6282571520,20480
blk.55.attn_output.weight,PQ2_0,142,2,6144x5120,6282592000,
blk.55.attn_q.weight,PQ2_0,142,2,5120x12288,6290947840,
blk.55.attn_q_norm.weight,F32,0,1,256,6307659520,1024
blk.55.attn_v.weight,PQ2_0,142,2,5120x1024,6307660544,
blk.55.ffn_down.weight,PQ2_0,142,2,17408x5120,6309053184,
blk.55.ffn_gate.weight,PQ2_0,142,2,5120x17408,6332728064,
blk.55.ffn_up.weight,PQ2_0,142,2,5120x17408,6356402944,
blk.55.post_attention_norm.weight,F32,0,1,5120,6380077824,20480
blk.56.attn_gate.weight,PQ2_0,142,2,5120x6144,6380098304,
blk.56.attn_norm.weight,F32,0,1,5120,6388454144,20480
blk.56.attn_qkv.weight,PQ2_0,142,2,5120x10240,6388474624,
blk.56.ffn_down.weight,PQ2_0,142,2,17408x5120,6402401024,
blk.56.ffn_gate.weight,PQ2_0,142,2,5120x17408,6426075904,
blk.56.ffn_up.weight,PQ2_0,142,2,5120x17408,6449750784,
blk.56.post_attention_norm.weight,F32,0,1,5120,6473425664,20480
blk.56.ssm_a,F32,0,1,48,6473446144,192
blk.56.ssm_alpha.weight,BF16,30,2,5120x48,6473446336,491520
blk.56.ssm_beta.weight,BF16,30,2,5120x48,6473937856,491520
blk.56.ssm_conv1d.weight,F32,0,2,4x10240,6474429376,163840
blk.56.ssm_dt.bias,F32,0,1,48,6474593216,192
blk.56.ssm_norm.weight,F32,0,1,128,6474593408,512
blk.56.ssm_out.weight,PQ2_0,142,2,6144x5120,6474593920,
blk.57.attn_gate.weight,PQ2_0,142,2,5120x6144,6482949760,
blk.57.attn_norm.weight,F32,0,1,5120,6491305600,20480
blk.57.attn_qkv.weight,PQ2_0,142,2,5120x10240,6491326080,
blk.57.ffn_down.weight,PQ2_0,142,2,17408x5120,6505252480,
blk.57.ffn_gate.weight,PQ2_0,142,2,5120x17408,6528927360,
blk.57.ffn_up.weight,PQ2_0,142,2,5120x17408,6552602240,
blk.57.post_attention_norm.weight,F32,0,1,5120,6576277120,20480
blk.57.ssm_a,F32,0,1,48,6576297600,192
blk.57.ssm_alpha.weight,BF16,30,2,5120x48,6576297792,491520
blk.57.ssm_beta.weight,BF16,30,2,5120x48,6576789312,491520
blk.57.ssm_conv1d.weight,F32,0,2,4x10240,6577280832,163840
blk.57.ssm_dt.bias,F32,0,1,48,6577444672,192
blk.57.ssm_norm.weight,F32,0,1,128,6577444864,512
blk.57.ssm_out.weight,PQ2_0,142,2,6144x5120,6577445376,
blk.58.attn_gate.weight,PQ2_0,142,2,5120x6144,6585801216,
blk.58.attn_norm.weight,F32,0,1,5120,6594157056,20480
blk.58.attn_qkv.weight,PQ2_0,142,2,5120x10240,6594177536,
blk.58.ffn_down.weight,PQ2_0,142,2,17408x5120,6608103936,
blk.58.ffn_gate.weight,PQ2_0,142,2,5120x17408,6631778816,
blk.58.ffn_up.weight,PQ2_0,142,2,5120x17408,6655453696,
blk.58.post_attention_norm.weight,F32,0,1,5120,6679128576,20480
blk.58.ssm_a,F32,0,1,48,6679149056,192
blk.58.ssm_alpha.weight,BF16,30,2,5120x48,6679149248,491520
blk.58.ssm_beta.weight,BF16,30,2,5120x48,6679640768,491520
blk.58.ssm_conv1d.weight,F32,0,2,4x10240,6680132288,163840
blk.58.ssm_dt.bias,F32,0,1,48,6680296128,192
blk.58.ssm_norm.weight,F32,0,1,128,6680296320,512
blk.58.ssm_out.weight,PQ2_0,142,2,6144x5120,6680296832,
blk.59.attn_k.weight,PQ2_0,142,2,5120x1024,6688652672,
blk.59.attn_k_norm.weight,F32,0,1,256,6690045312,1024
blk.59.attn_norm.weight,F32,0,1,5120,6690046336,20480
blk.59.attn_output.weight,PQ2_0,142,2,6144x5120,6690066816,
blk.59.attn_q.weight,PQ2_0,142,2,5120x12288,6698422656,
blk.59.attn_q_norm.weight,F32,0,1,256,6715134336,1024
blk.59.attn_v.weight,PQ2_0,142,2,5120x1024,6715135360,
blk.59.ffn_down.weight,PQ2_0,142,2,17408x5120,6716528000,
blk.59.ffn_gate.weight,PQ2_0,142,2,5120x17408,6740202880,
blk.59.ffn_up.weight,PQ2_0,142,2,5120x17408,6763877760,
blk.59.post_attention_norm.weight,F32,0,1,5120,6787552640,20480
blk.60.attn_gate.weight,PQ2_0,142,2,5120x6144,6787573120,
blk.60.attn_norm.weight,F32,0,1,5120,6795928960,20480
blk.60.attn_qkv.weight,PQ2_0,142,2,5120x10240,6795949440,
blk.60.ffn_down.weight,PQ2_0,142,2,17408x5120,6809875840,
blk.60.ffn_gate.weight,PQ2_0,142,2,5120x17408,6833550720,
blk.60.ffn_up.weight,PQ2_0,142,2,5120x17408,6857225600,
blk.60.post_attention_norm.weight,F32,0,1,5120,6880900480,20480
blk.60.ssm_a,F32,0,1,48,6880920960,192
blk.60.ssm_alpha.weight,BF16,30,2,5120x48,6880921152,491520
blk.60.ssm_beta.weight,BF16,30,2,5120x48,6881412672,491520
blk.60.ssm_conv1d.weight,F32,0,2,4x10240,6881904192,163840
blk.60.ssm_dt.bias,F32,0,1,48,6882068032,192
blk.60.ssm_norm.weight,F32,0,1,128,6882068224,512
blk.60.ssm_out.weight,PQ2_0,142,2,6144x5120,6882068736,
blk.61.attn_gate.weight,PQ2_0,142,2,5120x6144,6890424576,
blk.61.attn_norm.weight,F32,0,1,5120,6898780416,20480
blk.61.attn_qkv.weight,PQ2_0,142,2,5120x10240,6898800896,
blk.61.ffn_down.weight,PQ2_0,142,2,17408x5120,6912727296,
blk.61.ffn_gate.weight,PQ2_0,142,2,5120x17408,6936402176,
blk.61.ffn_up.weight,PQ2_0,142,2,5120x17408,6960077056,
blk.61.post_attention_norm.weight,F32,0,1,5120,6983751936,20480
blk.61.ssm_a,F32,0,1,48,6983772416,192
blk.61.ssm_alpha.weight,BF16,30,2,5120x48,6983772608,491520
blk.61.ssm_beta.weight,BF16,30,2,5120x48,6984264128,491520
blk.61.ssm_conv1d.weight,F32,0,2,4x10240,6984755648,163840
blk.61.ssm_dt.bias,F32,0,1,48,6984919488,192
blk.61.ssm_norm.weight,F32,0,1,128,6984919680,512
blk.61.ssm_out.weight,PQ2_0,142,2,6144x5120,6984920192,
blk.62.attn_gate.weight,PQ2_0,142,2,5120x6144,6993276032,
blk.62.attn_norm.weight,F32,0,1,5120,7001631872,20480
blk.62.attn_qkv.weight,PQ2_0,142,2,5120x10240,7001652352,
blk.62.ffn_down.weight,PQ2_0,142,2,17408x5120,7015578752,
blk.62.ffn_gate.weight,PQ2_0,142,2,5120x17408,7039253632,
blk.62.ffn_up.weight,PQ2_0,142,2,5120x17408,7062928512,
blk.62.post_attention_norm.weight,F32,0,1,5120,7086603392,20480
blk.62.ssm_a,F32,0,1,48,7086623872,192
blk.62.ssm_alpha.weight,BF16,30,2,5120x48,7086624064,491520
blk.62.ssm_beta.weight,BF16,30,2,5120x48,7087115584,491520
blk.62.ssm_conv1d.weight,F32,0,2,4x10240,7087607104,163840
blk.62.ssm_dt.bias,F32,0,1,48,7087770944,192
blk.62.ssm_norm.weight,F32,0,1,128,7087771136,512
blk.62.ssm_out.weight,PQ2_0,142,2,6144x5120,7087771648,
blk.63.attn_k.weight,PQ2_0,142,2,5120x1024,7096127488,
blk.63.attn_k_norm.weight,F32,0,1,256,7097520128,1024
blk.63.attn_norm.weight,F32,0,1,5120,7097521152,20480
blk.63.attn_output.weight,PQ2_0,142,2,6144x5120,7097541632,
blk.63.attn_q.weight,PQ2_0,142,2,5120x12288,7105897472,
blk.63.attn_q_norm.weight,F32,0,1,256,7122609152,1024
blk.63.attn_v.weight,PQ2_0,142,2,5120x1024,7122610176,
blk.63.ffn_down.weight,PQ2_0,142,2,17408x5120,7124002816,
blk.63.ffn_gate.weight,PQ2_0,142,2,5120x17408,7147677696,
blk.63.ffn_up.weight,PQ2_0,142,2,5120x17408,7171352576,
blk.63.post_attention_norm.weight,F32,0,1,5120,7195027456,20480
blk.64.nextn.eh_proj.weight,Q8_0,8,2,10240x5120,7195047936,55705600
blk.64.attn_norm.weight,F32,0,1,5120,7250753536,20480
blk.64.ffn_down.weight,Q8_0,8,2,17408x5120,7250774016,94699520
blk.64.ffn_gate.weight,Q8_0,8,2,5120x17408,7345473536,94699520
blk.64.ffn_up.weight,Q8_0,8,2,5120x17408,7440173056,94699520
blk.64.post_attention_norm.weight,F32,0,1,5120,7534872576,20480
blk.64.attn_k_norm.weight,F32,0,1,256,7534893056,1024
blk.64.attn_k.weight,Q8_0,8,2,5120x1024,7534894080,5570560
blk.64.attn_output.weight,Q8_0,8,2,6144x5120,7540464640,33423360
blk.64.attn_q_norm.weight,F32,0,1,256,7573888000,1024
blk.64.attn_q.weight,Q8_0,8,2,5120x12288,7573889024,66846720
blk.64.attn_v.weight,Q8_0,8,2,5120x1024,7640735744,5570560
blk.64.nextn.shared_head_norm.weight,F32,0,1,5120,7646306304,20480
blk.64.nextn.enorm.weight,F32,0,1,5120,7646326784,20480
blk.64.nextn.hnorm.weight,F32,0,1,5120,7646347264,20480
